{"inputUnits":[34],"outputUnits":4,"inputs":{"0":{"dtype":"number","min":288.36546542816455,"max":342.90548491896243},"1":{"dtype":"number","min":114.1225066008391,"max":326.61536084745825},"2":{"dtype":"number","min":288.79295661435486,"max":352.61595727872196},"3":{"dtype":"number","min":108.34166826095728,"max":316.8012917204442},"4":{"dtype":"number","min":289.0620532416925,"max":333.1908447979486},"5":{"dtype":"number","min":109.34979355126094,"max":316.37863188923916},"6":{"dtype":"number","min":282.8239461738928,"max":360.6690784179211},"7":{"dtype":"number","min":114.65112905520908,"max":317.26417363038536},"8":{"dtype":"number","min":277.39413791232636,"max":320.0965352644},"9":{"dtype":"number","min":119.16307817425644,"max":318.53212449518094},"10":{"dtype":"number","min":278.16886678773756,"max":371.5135879962765},"11":{"dtype":"number","min":146.81110761318988,"max":354.26799454419466},"12":{"dtype":"number","min":249.09735904567188,"max":330.05437720821146},"13":{"dtype":"number","min":148.09694762350753,"max":354.96820847658154},"14":{"dtype":"number","min":261.16425869292914,"max":378.08584388004175},"15":{"dtype":"number","min":103.51333707396745,"max":431.5351257919103},"16":{"dtype":"number","min":240.04432882714224,"max":338.96918097899436},"17":{"dtype":"number","min":93.12097858034844,"max":433.7510458070632},"18":{"dtype":"number","min":263.08754101134184,"max":372.0789478443287},"19":{"dtype":"number","min":41.57348513835586,"max":490.61302259419165},"20":{"dtype":"number","min":269.39644499364186,"max":345.1949519999543},"21":{"dtype":"number","min":36.67452033267848,"max":497.47991922538415},"22":{"dtype":"number","min":280.3348935370789,"max":352.52434386612146},"23":{"dtype":"number","min":254.50947425054062,"max":468.840364749901},"24":{"dtype":"number","min":275.4979695400067,"max":329.4740625571089},"25":{"dtype":"number","min":256.2675600999977,"max":464.3824408161245},"26":{"dtype":"number","min":284.56595556545443,"max":370.62618441516656},"27":{"dtype":"number","min":338.99011611938477,"max":531.8059434202911},"28":{"dtype":"number","min":282.33676040381715,"max":337.29436982212474},"29":{"dtype":"number","min":334.93531820137366,"max":523.5950492278874},"30":{"dtype":"number","min":295.4997396190264,"max":356.48859838296096},"31":{"dtype":"number","min":403.1925170184576,"max":556.358143618697},"32":{"dtype":"number","min":282.5281683789824,"max":330.83473369159657},"33":{"dtype":"number","min":403.8422936630992,"max":558.8507144957722}},"outputs":{"0":{"dtype":"string","min":0,"max":1,"uniqueValues":["q","w","e","r"],"legend":{"q":[1,0,0,0],"w":[0,1,0,0],"e":[0,0,1,0],"r":[0,0,0,1]}}},"isNormalized":true}